timestamp,city,latitude,longitude,timezone,temperature,humidity,wind_speed
2026-08-13 00:00:00,Kathmandu,27.732864,85.34831,Asia/Kathmandu,22.2,100,1.5
2026-08-13 01:00:00,Kathmandu,27.732864,85.34831,Asia/Kathmandu,22.1,100,0.4
2026-08-13 02:00:00,Kathmandu,27.732864,85.34831,Asia/Kathmandu,21.4,98,4.6
2026-08-13 03:00:00,Kathmandu,27.732864,85.34831,Asia/Kathmandu,21.5,97,2.4
2026-08-13 04:00:00,Kathmandu,27.732864,85.34831,Asia/Kathmandu,21.3,100,3.7
2026-08-13 05:00:00,Kathmandu,27.732864,85.34831,Asia/Kathmandu,21.3,100,3.2
2026-08-13 06:00:00,Kathmandu,27.732864,85.34831,Asia/Kathmandu,22.3,99,2.7
2026-08-13 07:00:00,Kathmandu,27.732864,85.34831,Asia/Kathmandu,23.6,90,3.1
2026-08-13 08:00:00,Kathmandu,27.732864,85.34831,Asia/Kathmandu,25.4,78,0.6
2026-08-13 09:00:00,Kathmandu,27.732864,85.34831,Asia/Kathmandu,26.3,76,2.1
2026-08-13 10:00:00,Kathmandu,27.732864,85.34831,Asia/Kathmandu,27.5,70,2.5
2026-08-13 11:00:00,Kathmandu,27.732864,85.34831,Asia/Kathmandu,27.9,69,2.5
2026-08-13 12:00:00,Kathmandu,27.732864,85.34831,Asia/Kathmandu,26.2,73,5.1
2026-08-13 13:00:00,Kathmandu,27.732864,85.34831,Asia/Kathmandu,24.8,84,6.5
2026-08-13 14:00:00,Kathmandu,27.732864,85.34831,Asia/Kathmandu,24.5,86,3.5
2026-08-13 15:00:00,Kathmandu,27.732864,85.34831,Asia/Kathmandu,23.6,85,2.2
2026-08-13 16:00:00,Kathmandu,27.732864,85.34831,Asia/Kathmandu,23.6,89,1.0
2026-08-13 17:00:00,Kathmandu,27.732864,85.34831,Asia/Kathmandu,23.3,91,0.5
2026-08-13 18:00:00,Kathmandu,27.732864,85.34831,Asia/Kathmandu,23.0,94,2.5
2026-08-13 19:00:00,Kathmandu,27.732864,85.34831,Asia/Kathmandu,22.9,95,3.2
2026-08-13 20:00:00,Kathmandu,27.732864,85.34831,Asia/Kathmandu,22.9,97,4.4
2026-08-13 21:00:00,Kathmandu,27.732864,85.34831,Asia/Kathmandu,22.8,97,3.8
2026-08-13 22:00:00,Kathmandu,27.732864,85.34831,Asia/Kathmandu,22.6,99,3.6
2026-08-13 23:00:00,Kathmandu,27.732864,85.34831,Asia/Kathmandu,22.3,97,3.6
2026-08-14 00:00:00,Kathmandu,27.732864,85.34831,Asia/Kathmandu,22.2,98,3.4
2026-08-14 01:00:00,Kathmandu,27.732864,85.34831,Asia/Kathmandu,22.1,97,1.5
2026-08-14 02:00:00,Kathmandu,27.732864,85.34831,Asia/Kathmandu,21.8,100,2.3
2026-08-14 03:00:00,Kathmandu,27.732864,85.34831,Asia/Kathmandu,21.7,100,3.1
2026-08-14 04:00:00,Kathmandu,27.732864,85.34831,Asia/Kathmandu,21.6,98,2.2
2026-08-14 05:00:00,Kathmandu,27.732864,85.34831,Asia/Kathmandu,21.6,99,4.1
2026-08-14 06:00:00,Kathmandu,27.732864,85.34831,Asia/Kathmandu,21.8,98,2.4
2026-08-14 07:00:00,Kathmandu,27.732864,85.34831,Asia/Kathmandu,21.9,98,3.3
2026-08-14 08:00:00,Kathmandu,27.732864,85.34831,Asia/Kathmandu,21.9,97,4.2
2026-08-14 09:00:00,Kathmandu,27.732864,85.34831,Asia/Kathmandu,22.5,92,4.3
2026-08-14 10:00:00,Kathmandu,27.732864,85.34831,Asia/Kathmandu,23.7,85,4.7
2026-08-14 11:00:00,Kathmandu,27.732864,85.34831,Asia/Kathmandu,25.4,76,6.1
2026-08-14 12:00:00,Kathmandu,27.732864,85.34831,Asia/Kathmandu,27.2,68,8.8
2026-08-14 13:00:00,Kathmandu,27.732864,85.34831,Asia/Kathmandu,27.6,63,6.8
2026-08-14 14:00:00,Kathmandu,27.732864,85.34831,Asia/Kathmandu,27.1,67,9.0
2026-08-14 15:00:00,Kathmandu,27.732864,85.34831,Asia/Kathmandu,26.0,74,8.4
2026-08-14 16:00:00,Kathmandu,27.732864,85.34831,Asia/Kathmandu,25.8,74,6.0
2026-08-14 17:00:00,Kathmandu,27.732864,85.34831,Asia/Kathmandu,25.2,75,3.8
2026-08-14 18:00:00,Kathmandu,27.732864,85.34831,Asia/Kathmandu,24.0,85,1.8
2026-08-14 19:00:00,Kathmandu,27.732864,85.34831,Asia/Kathmandu,23.4,91,2.9
2026-08-14 20:00:00,Kathmandu,27.732864,85.34831,Asia/Kathmandu,22.7,95,6.0
2026-08-14 21:00:00,Kathmandu,27.732864,85.34831,Asia/Kathmandu,22.3,98,3.8
2026-08-14 22:00:00,Kathmandu,27.732864,85.34831,Asia/Kathmandu,22.0,100,4.9
2026-08-14 23:00:00,Kathmandu,27.732864,85.34831,Asia/Kathmandu,21.7,100,4.7
2026-08-15 00:00:00,Kathmandu,27.732864,85.34831,Asia/Kathmandu,21.4,100,4.6
2026-08-15 01:00:00,Kathmandu,27.732864,85.34831,Asia/Kathmandu,21.3,98,4.9
2026-08-15 02:00:00,Kathmandu,27.732864,85.34831,Asia/Kathmandu,21.0,99,3.8
2026-08-15 03:00:00,Kathmandu,27.732864,85.34831,Asia/Kathmandu,20.7,100,3.6
2026-08-15 04:00:00,Kathmandu,27.732864,85.34831,Asia/Kathmandu,20.5,100,0.8
2026-08-15 05:00:00,Kathmandu,27.732864,85.34831,Asia/Kathmandu,20.4,100,2.8
2026-08-15 06:00:00,Kathmandu,27.732864,85.34831,Asia/Kathmandu,21.3,98,2.4
2026-08-15 07:00:00,Kathmandu,27.732864,85.34831,Asia/Kathmandu,22.7,92,1.6
2026-08-15 08:00:00,Kathmandu,27.732864,85.34831,Asia/Kathmandu,24.1,82,1.6
2026-08-15 09:00:00,Kathmandu,27.732864,85.34831,Asia/Kathmandu,25.9,74,2.5
2026-08-15 10:00:00,Kathmandu,27.732864,85.34831,Asia/Kathmandu,27.3,65,5.2
2026-08-15 11:00:00,Kathmandu,27.732864,85.34831,Asia/Kathmandu,27.8,63,4.5
2026-08-15 12:00:00,Kathmandu,27.732864,85.34831,Asia/Kathmandu,27.3,65,6.0
2026-08-15 13:00:00,Kathmandu,27.732864,85.34831,Asia/Kathmandu,25.1,81,2.2
2026-08-15 14:00:00,Kathmandu,27.732864,85.34831,Asia/Kathmandu,24.7,82,4.2
2026-08-15 15:00:00,Kathmandu,27.732864,85.34831,Asia/Kathmandu,24.6,87,4.3
2026-08-15 16:00:00,Kathmandu,27.732864,85.34831,Asia/Kathmandu,23.5,93,0.9
2026-08-15 17:00:00,Kathmandu,27.732864,85.34831,Asia/Kathmandu,22.9,96,4.4
2026-08-15 18:00:00,Kathmandu,27.732864,85.34831,Asia/Kathmandu,22.3,100,4.0
2026-08-15 19:00:00,Kathmandu,27.732864,85.34831,Asia/Kathmandu,21.8,100,3.1
2026-08-15 20:00:00,Kathmandu,27.732864,85.34831,Asia/Kathmandu,21.5,97,3.5
2026-08-15 21:00:00,Kathmandu,27.732864,85.34831,Asia/Kathmandu,21.4,97,4.8
2026-08-15 22:00:00,Kathmandu,27.732864,85.34831,Asia/Kathmandu,21.2,99,3.6
2026-08-15 23:00:00,Kathmandu,27.732864,85.34831,Asia/Kathmandu,21.1,100,2.9
2026-08-16 00:00:00,Kathmandu,27.732864,85.34831,Asia/Kathmandu,21.2,98,2.7
2026-08-16 01:00:00,Kathmandu,27.732864,85.34831,Asia/Kathmandu,21.2,98,2.1
2026-08-16 02:00:00,Kathmandu,27.732864,85.34831,Asia/Kathmandu,21.2,98,1.3
2026-08-16 03:00:00,Kathmandu,27.732864,85.34831,Asia/Kathmandu,21.1,99,1.4
2026-08-16 04:00:00,Kathmandu,27.732864,85.34831,Asia/Kathmandu,21.0,99,0.3
2026-08-16 05:00:00,Kathmandu,27.732864,85.34831,Asia/Kathmandu,20.7,100,0.4
2026-08-16 06:00:00,Kathmandu,27.732864,85.34831,Asia/Kathmandu,21.3,99,0.4
2026-08-16 07:00:00,Kathmandu,27.732864,85.34831,Asia/Kathmandu,22.3,93,1.8
2026-08-16 08:00:00,Kathmandu,27.732864,85.34831,Asia/Kathmandu,23.8,85,2.3
2026-08-16 09:00:00,Kathmandu,27.732864,85.34831,Asia/Kathmandu,24.6,79,2.1
2026-08-16 10:00:00,Kathmandu,27.732864,85.34831,Asia/Kathmandu,25.3,77,3.1
2026-08-16 11:00:00,Kathmandu,27.732864,85.34831,Asia/Kathmandu,26.3,74,1.9
2026-08-16 12:00:00,Kathmandu,27.732864,85.34831,Asia/Kathmandu,26.8,71,0.8
2026-08-16 13:00:00,Kathmandu,27.732864,85.34831,Asia/Kathmandu,23.0,87,6.5
2026-08-16 14:00:00,Kathmandu,27.732864,85.34831,Asia/Kathmandu,22.4,95,1.5
2026-08-16 15:00:00,Kathmandu,27.732864,85.34831,Asia/Kathmandu,23.7,89,2.2
2026-08-16 16:00:00,Kathmandu,27.732864,85.34831,Asia/Kathmandu,24.0,87,3.1
2026-08-16 17:00:00,Kathmandu,27.732864,85.34831,Asia/Kathmandu,23.9,88,3.9
2026-08-16 18:00:00,Kathmandu,27.732864,85.34831,Asia/Kathmandu,23.6,89,2.9
2026-08-16 19:00:00,Kathmandu,27.732864,85.34831,Asia/Kathmandu,22.8,93,3.2
2026-08-16 20:00:00,Kathmandu,27.732864,85.34831,Asia/Kathmandu,22.2,96,4.5
2026-08-16 21:00:00,Kathmandu,27.732864,85.34831,Asia/Kathmandu,21.9,98,4.9
2026-08-16 22:00:00,Kathmandu,27.732864,85.34831,Asia/Kathmandu,21.8,98,4.7
2026-08-16 23:00:00,Kathmandu,27.732864,85.34831,Asia/Kathmandu,21.6,98,4.3
2026-08-17 00:00:00,Kathmandu,27.732864,85.34831,Asia/Kathmandu,21.4,99,3.5
2026-08-17 01:00:00,Kathmandu,27.732864,85.34831,Asia/Kathmandu,21.2,99,2.4
2026-08-17 02:00:00,Kathmandu,27.732864,85.34831,Asia/Kathmandu,21.0,100,1.6
2026-08-17 03:00:00,Kathmandu,27.732864,85.34831,Asia/Kathmandu,20.8,100,1.3
2026-08-17 04:00:00,Kathmandu,27.732864,85.34831,Asia/Kathmandu,20.7,100,1.1
2026-08-17 05:00:00,Kathmandu,27.732864,85.34831,Asia/Kathmandu,20.8,99,0.9
2026-08-17 06:00:00,Kathmandu,27.732864,85.34831,Asia/Kathmandu,21.2,96,0.5
2026-08-17 07:00:00,Kathmandu,27.732864,85.34831,Asia/Kathmandu,21.9,93,1.0
2026-08-17 08:00:00,Kathmandu,27.732864,85.34831,Asia/Kathmandu,22.7,89,1.7
2026-08-17 09:00:00,Kathmandu,27.732864,85.34831,Asia/Kathmandu,23.6,84,2.6
2026-08-17 10:00:00,Kathmandu,27.732864,85.34831,Asia/Kathmandu,24.5,79,3.5
2026-08-17 11:00:00,Kathmandu,27.732864,85.34831,Asia/Kathmandu,25.2,76,4.2
2026-08-17 12:00:00,Kathmandu,27.732864,85.34831,Asia/Kathmandu,25.7,74,4.9
2026-08-17 13:00:00,Kathmandu,27.732864,85.34831,Asia/Kathmandu,25.9,74,5.4
2026-08-17 14:00:00,Kathmandu,27.732864,85.34831,Asia/Kathmandu,25.8,75,5.2
2026-08-17 15:00:00,Kathmandu,27.732864,85.34831,Asia/Kathmandu,25.3,78,4.0
2026-08-17 16:00:00,Kathmandu,27.732864,85.34831,Asia/Kathmandu,24.5,82,2.2
2026-08-17 17:00:00,Kathmandu,27.732864,85.34831,Asia/Kathmandu,23.7,86,1.6
2026-08-17 18:00:00,Kathmandu,27.732864,85.34831,Asia/Kathmandu,23.2,90,2.7
2026-08-17 19:00:00,Kathmandu,27.732864,85.34831,Asia/Kathmandu,22.7,94,4.4
2026-08-17 20:00:00,Kathmandu,27.732864,85.34831,Asia/Kathmandu,22.3,97,5.4
2026-08-17 21:00:00,Kathmandu,27.732864,85.34831,Asia/Kathmandu,21.9,98,5.2
2026-08-17 22:00:00,Kathmandu,27.732864,85.34831,Asia/Kathmandu,21.6,99,4.5
2026-08-17 23:00:00,Kathmandu,27.732864,85.34831,Asia/Kathmandu,21.4,100,3.3
2026-08-18 00:00:00,Kathmandu,27.732864,85.34831,Asia/Kathmandu,21.2,100,1.6
2026-08-18 01:00:00,Kathmandu,27.732864,85.34831,Asia/Kathmandu,21.1,100,0.4
2026-08-18 02:00:00,Kathmandu,27.732864,85.34831,Asia/Kathmandu,21.0,100,1.7
2026-08-18 03:00:00,Kathmandu,27.732864,85.34831,Asia/Kathmandu,20.9,100,1.9
2026-08-18 04:00:00,Kathmandu,27.732864,85.34831,Asia/Kathmandu,20.8,100,1.1
2026-08-18 05:00:00,Kathmandu,27.732864,85.34831,Asia/Kathmandu,20.8,100,0.6
2026-08-18 06:00:00,Kathmandu,27.732864,85.34831,Asia/Kathmandu,20.9,100,0.6
2026-08-18 07:00:00,Kathmandu,27.732864,85.34831,Asia/Kathmandu,21.2,99,1.2
2026-08-18 08:00:00,Kathmandu,27.732864,85.34831,Asia/Kathmandu,21.6,98,1.4
2026-08-18 09:00:00,Kathmandu,27.732864,85.34831,Asia/Kathmandu,22.0,95,1.2
2026-08-18 10:00:00,Kathmandu,27.732864,85.34831,Asia/Kathmandu,22.6,91,1.5
2026-08-18 11:00:00,Kathmandu,27.732864,85.34831,Asia/Kathmandu,23.3,87,2.4
2026-08-18 12:00:00,Kathmandu,27.732864,85.34831,Asia/Kathmandu,24.4,82,4.0
2026-08-18 13:00:00,Kathmandu,27.732864,85.34831,Asia/Kathmandu,25.5,78,5.8
2026-08-18 14:00:00,Kathmandu,27.732864,85.34831,Asia/Kathmandu,26.2,75,6.7
2026-08-18 15:00:00,Kathmandu,27.732864,85.34831,Asia/Kathmandu,26.0,76,6.3
2026-08-18 16:00:00,Kathmandu,27.732864,85.34831,Asia/Kathmandu,25.3,79,5.1
2026-08-18 17:00:00,Kathmandu,27.732864,85.34831,Asia/Kathmandu,24.5,82,3.6
2026-08-18 18:00:00,Kathmandu,27.732864,85.34831,Asia/Kathmandu,23.6,87,1.4
2026-08-18 19:00:00,Kathmandu,27.732864,85.34831,Asia/Kathmandu,22.5,93,1.7
2026-08-18 20:00:00,Kathmandu,27.732864,85.34831,Asia/Kathmandu,21.7,98,3.6
2026-08-18 21:00:00,Kathmandu,27.732864,85.34831,Asia/Kathmandu,21.3,99,4.5
2026-08-18 22:00:00,Kathmandu,27.732864,85.34831,Asia/Kathmandu,21.2,99,5.4
2026-08-18 23:00:00,Kathmandu,27.732864,85.34831,Asia/Kathmandu,21.1,99,6.1
2026-08-19 00:00:00,Kathmandu,27.732864,85.34831,Asia/Kathmandu,20.8,100,4.0
2026-08-19 01:00:00,Kathmandu,27.732864,85.34831,Asia/Kathmandu,20.5,100,3.7
2026-08-19 02:00:00,Kathmandu,27.732864,85.34831,Asia/Kathmandu,20.3,100,3.2
2026-08-19 03:00:00,Kathmandu,27.732864,85.34831,Asia/Kathmandu,20.2,100,2.7
2026-08-19 04:00:00,Kathmandu,27.732864,85.34831,Asia/Kathmandu,20.3,100,2.3
2026-08-19 05:00:00,Kathmandu,27.732864,85.34831,Asia/Kathmandu,20.6,100,1.9
2026-08-19 06:00:00,Kathmandu,27.732864,85.34831,Asia/Kathmandu,21.4,95,1.4
2026-08-19 07:00:00,Kathmandu,27.732864,85.34831,Asia/Kathmandu,22.5,89,0.6
2026-08-19 08:00:00,Kathmandu,27.732864,85.34831,Asia/Kathmandu,23.8,83,0.0
2026-08-19 09:00:00,Kathmandu,27.732864,85.34831,Asia/Kathmandu,25.1,77,0.8
2026-08-19 10:00:00,Kathmandu,27.732864,85.34831,Asia/Kathmandu,26.2,73,1.3
2026-08-19 11:00:00,Kathmandu,27.732864,85.34831,Asia/Kathmandu,26.7,71,1.7
2026-08-19 12:00:00,Kathmandu,27.732864,85.34831,Asia/Kathmandu,26.8,71,1.8
2026-08-19 13:00:00,Kathmandu,27.732864,85.34831,Asia/Kathmandu,26.4,74,2.2
2026-08-19 14:00:00,Kathmandu,27.732864,85.34831,Asia/Kathmandu,25.8,77,2.7
2026-08-19 15:00:00,Kathmandu,27.732864,85.34831,Asia/Kathmandu,25.1,81,3.2
2026-08-19 16:00:00,Kathmandu,27.732864,85.34831,Asia/Kathmandu,24.4,85,3.5
2026-08-19 17:00:00,Kathmandu,27.732864,85.34831,Asia/Kathmandu,23.8,88,3.5
2026-08-19 18:00:00,Kathmandu,27.732864,85.34831,Asia/Kathmandu,23.4,91,2.8
2026-08-19 19:00:00,Kathmandu,27.732864,85.34831,Asia/Kathmandu,23.0,93,1.9
2026-08-19 20:00:00,Kathmandu,27.732864,85.34831,Asia/Kathmandu,22.6,95,1.8
2026-08-19 21:00:00,Kathmandu,27.732864,85.34831,Asia/Kathmandu,22.3,97,2.8
2026-08-19 22:00:00,Kathmandu,27.732864,85.34831,Asia/Kathmandu,21.9,98,4.2
2026-08-19 23:00:00,Kathmandu,27.732864,85.34831,Asia/Kathmandu,21.6,100,5.0
